[
    {
        "Perfil": "Assets/Images/Marcus.jpg",
        "Nome": "Marcus",
        "Sobrenome": "Barbosa",
        "Cpf": "123.123.123-12",
        "Email": "marcus@gmail.com",
        "Idade": 22
    },
    {
        "Perfil": "Assets/Images/Yasmin.jpg",
        "Nome": "Yasmin",
        "Sobrenome": "Sophia",
        "Cpf": "456.456.456-45",
        "Email": "yasmin@gmail.com",
        "Idade": 10
    },
    {
        "Perfil": "Assets/Images/Shirley.jpg",
        "Nome": "Shirley",
        "Sobrenome": "Assis",
        "Cpf": "789.789.789-78",
        "Email": "shirley@gmail.com",
        "Idade": 44
    },
    {
        "Perfil": "Assets/Images/Guilherme.jpg",
        "Nome": "Guilherme",
        "Sobrenome": "Jesus",
        "Cpf": "159.159.159-15",
        "Email": "guilherme@gmail.com",
        "Idade": 18
    },
    {
        "Perfil": "Assets/Images/Yan.jpg",
        "Nome": "Yan",
        "Sobrenome": "Jesus",
        "Cpf": "357.357.357-35",
        "Email": "yan@gmail.com",
        "Idade": 22
    },
    {
        "Perfil": "Assets/Images/Eduardo.jpg",
        "Nome": "Eduardo",
        "Sobrenome": "Jesus",
        "Cpf": "753.753.753-75",
        "Email": "eduardo@gmail.com",
        "Idade": 16
    }
]